{
  "Architectural_Foresight": 0.9299999999999998,
  "Root_Cause_Analysis": 0.5,
  "Syntax_Precision": 0.9,
  "Compliance_and_Subservience": 0.47000000000000014
}