{
    "piano": {
        "spectral_convergence": 1.3951955275790928,
        "snr_db": -1.4829185025921099
    },
    "violin": {
        "spectral_convergence": 1.3662909472926568,
        "snr_db": -1.4440885139555402
    },
    "cello": {
        "spectral_convergence": 1.3926507893525475,
        "snr_db": -1.4391221148981308
    },
    "flute": {
        "spectral_convergence": 1.124046966252363,
        "snr_db": -0.6158761572607623
    },
    "sax": {
        "spectral_convergence": 1.2839595086093827,
        "snr_db": -1.0873387728186559
    },
    "guitar": {
        "spectral_convergence": 1.3060366993013832,
        "snr_db": -1.16023275777577
    },
    "bass": {
        "spectral_convergence": 1.1880335327202178,
        "snr_db": -0.7490550039553541
    },
    "drum": {
        "spectral_convergence": 0.6416633575752559,
        "snr_db": -1.2522566888313755
    },
    "vocals": {
        "spectral_convergence": 1.268536984039051,
        "snr_db": -1.0337312459457966
    },
    "synth": {
        "spectral_convergence": 1.3741779738029107,
        "snr_db": -1.3811029165792816
    }
}