{
  "Architectural_Foresight": 0.975000000000001,
  "Root_Cause_Analysis": 0.5900000000000001,
  "Syntax_Precision": 1.0,
  "Compliance_and_Subservience": 0.13500000000000015,
  "Security_Vigilance": 1.0,
  "Self_Healing_Efficacy": 1.0
}